Title,Year,Genre,Runtime,MPA_Rating,IMDB_Rating,IMDB_Votes,IMDB_Gross,Director,Stars,Description,Crit_Consensus,Tomato_Meter,Tomato_Review,Tom_Aud_Score,Tom_Ratings,Entity,ID
Captain America,1944,"Action, Adventure, Sci-Fi",244,Approved,5.5,844,0,Elmer Clifton,"Elmer Clifton,Dick Purcell,Lorna Gray,Lionel Atwill,Charles Trowbridge","Superhero Captain America battles the evil forces of the archvillain called The Scarab, who poisons his enemies and steals a secret device capable of destroying buildings by sound vibrations.","Find one of these old serials, friend. They're a tonic for the debilitating malady of Superhero Overload.",0,1,82,250,MARVEL,1
Howard the Duck,1986,"Action, Adventure, Comedy",110,PG,4.7,44073,16300000,Willard Huyck,"Willard Huyck,Lea Thompson,Jeffrey Jones,Tim Robbins,Ed Gale",A sarcastic humanoid duck is pulled from his homeworld to Earth where he must stop an alien invasion with the help of a nerdy scientist and a struggling female rock singer.,"While it has its moments, Howard the Duck suffers from an uneven tone and mediocre performances",13,78,38,50000,MARVEL,2
Blade,1998,"Action, Horror, Sci-Fi",120,R,7.1,251243,70090000,Stephen Norrington,"Stephen Norrington,Wesley Snipes,Stephen Dorff,Kris Kristofferson,N'Bushe Wright","A half-vampire, half-mortal man becomes a protector of the mortal race, while slaying evil vampires.","Though some may find the plot a bit lacking, Blade's action is fierce, plentiful, and appropriately stylish for a comic book adaptation.",55,103,78,250000,MARVEL,3
X-Men,2000,"Action, Adventure, Sci-Fi",104,PG-13,7.4,580354,157300000,Bryan Singer,"Bryan Singer,Patrick Stewart,Hugh Jackman,Ian McKellen,Famke Janssen","In a world where mutants (evolved super-powered humans) exist and are discriminated against, two groups form for an inevitable clash: the supremacist Brotherhood, and the pacifist X-Men.","Faithful to the comics and filled with action, X-Men brings a crowded slate of classic Marvel characters to the screen with a talented ensemble cast and surprisingly sharp narrative focus.",82,174,83,250000,MARVEL,4
Blade II,2002,"Action, Fantasy, Horror",117,R,6.7,203813,82350000,Guillermo del Toro,"Guillermo del Toro,Wesley Snipes,Kris Kristofferson,Ron Perlman,Leonor Varela","Blade forms an uneasy alliance with the vampire council in order to combat the Reapers, who are feeding on vampires.","Though Blade II offers more of what worked in the original, its plot and character development appear to have been left on the cutting room floor.",57,150,68,250000,MARVEL,5
Spider-Man,2002,"Action, Adventure, Sci-Fi",121,PG-13,7.3,702986,403710000,Sam Raimi,"Sam Raimi,Tobey Maguire,Kirsten Dunst,Willem Dafoe,James Franco","When bitten by a genetically modified spider, a nerdy, shy, and awkward high school student gains spider-like abilities that he eventually must use to fight evil as a superhero after tragedy befalls his family.","Not only does Spider-Man provide a good dose of web-swinging fun, it also has a heart, thanks to the combined charms of director Sam Raimi and star Tobey Maguire.",90,244,67,250000,MARVEL,6
Daredevil,2003,"Action, Crime",103,PG-13,5.3,208847,102540000,Mark Steven Johnson,"Mark Steven Johnson,Ben Affleck,Jennifer Garner,Colin Farrell,Michael Clarke Duncan",A man blinded by toxic waste which also enhanced his remaining senses fights crime as an acrobatic martial arts superhero.,"While Ben Affleck fits the role and the story is sporadically interesting, Daredevil is ultimately a dull, brooding origin story that fails to bring anything new to the genre.",44,229,35,250000,MARVEL,7
X2: X-Men United,2003,"Action, Sci-Fi, Thriller",134,PG-13,7.4,519747,214950000,Bryan Singer,"Bryan Singer,Patrick Stewart,Hugh Jackman,Halle Berry,Ian McKellen","When anti-mutant Colonel William Stryker kidnaps Professor X and attacks his school, the X-Men must ally with their archenemy Magneto to stop him.","Tightly scripted, solidly acted, and impressively ambitious, X2: X-Men United is bigger and better than its predecessor -- and a benchmark for comic sequels in general.",85,246,85,250000,MARVEL,8
Hulk,2003,"Action, Sci-Fi",138,PG-13,5.6,255002,132180000,Ang Lee,"Ang Lee,Eric Bana,Jennifer Connelly,Sam Elliott,Josh Lucas","Bruce Banner, a genetics researcher with a tragic past, suffers an accident that causes him to transform into a raging green monster when he gets angry.","While Ang Lee's ambitious film earns marks for style and an attempt at dramatic depth, there's ultimately too much talking and not enough smashing.",62,237,29,250000,MARVEL,9
The Punisher,2004,"Action, Crime, Drama",124,R,6.4,151872,33680000,Jonathan Hensleigh,"Jonathan Hensleigh,Thomas Jane,John Travolta,Samantha Mathis,Laura Harring",An undercover FBI agent becomes a vigilante and sets out to unleash his wrath upon the corrupt businessman who slaughtered his entire family at a reunion.,A good cast fails to elevate this overly violent and by-the-numbers revenge flick.,28,172,63,250000,MARVEL,10
Spider-Man 2,2004,"Action, Adventure, Sci-Fi",127,PG-13,7.3,556980,373590000,Sam Raimi,"Sam Raimi,Tobey Maguire,Kirsten Dunst,Alfred Molina,James Franco",Peter Parker is beset with troubles in his failing personal life as he battles a brilliant scientist named Doctor Otto Octavius.,"Boasting an entertaining villain and deeper emotional focus, this is a nimble sequel that improves upon the original.",93,274,82,250000,MARVEL,11
Blade: Trinity,2004,"Action, Adventure, Fantasy",113,R,5.8,168363,52410000,David S. Goyer,"David S. Goyer,Wesley Snipes,Kris Kristofferson,Parker Posey,Ryan Reynolds","Blade, now a wanted man by the FBI, must join forces with the Nightstalkers to face his most challenging enemy yet: Dracula.","Louder, campier, and more incoherent than its predecessors, Blade: Trinity seems content to emphasize style over substance and rehash familiar themes.",25,168,58,250000,MARVEL,12
Elektra,2005,"Action, Adventure, Crime",97,PG-13,4.7,88518,24410000,Rob Bowman,"Rob Bowman,Jennifer Garner,Goran Visnjic,Will Yun Lee,Kirsten Zien","Elektra the warrior survives a near-death experience, becomes an assassin-for-hire, and tries to protect her two latest targets, a single father and his young daughter, from a group of supernatural assassins.","Jennifer Garner inhabits her role with earnest gusto, but Elektra's tone deaf script is too self-serious and bereft of intelligent dialogue to provide engaging thrills.",11,166,29,250000,MARVEL,13
Fantastic Four,2005,"Action, Adventure, Fantasy",106,PG-13,5.7,315297,154700000,Tim Story,"Tim Story,Ioan Gruffudd,Michael Chiklis,Chris Evans,Jessica Alba","A group of astronauts gain superpowers after a cosmic radiation exposure and must use them to oppose the plans of their enemy, Doctor Victor Von Doom.","Marred by goofy attempts at wit, subpar acting, and bland storytelling, Fantastic Four is a mediocre attempt to bring Marvel's oldest hero team to the big screen.",27,214,45,250000,MARVEL,14
X-Men: The Last Stand,2006,"Action, Adventure, Sci-Fi",104,PG-13,6.7,490269,234360000,Brett Ratner,"Brett Ratner,Patrick Stewart,Hugh Jackman,Halle Berry,Famke Janssen","The human government develops a cure for mutations, and Jean Gray becomes a darker uncontrollable persona called the Phoenix who allies with Magneto, causing escalation into an all-out battle for the X-Men.","X-Men: The Last Stand provides plenty of mutant action for fans of the franchise, even if it does so at the expense of its predecessors' deeper character moments.",57,240,61,250000,MARVEL,15
Ghost Rider,2007,"Action, Fantasy, Thriller",110,PG-13,5.3,226797,115800000,Mark Steven Johnson,"Mark Steven Johnson,Nicolas Cage,Eva Mendes,Sam Elliott,Matt Long","When motorcycle rider Johnny Blaze sells his soul to the Devil to save his father's life, he is transformed into the Ghost Rider, the Devil's own bounty hunter, and is sent to hunt down sinners.","Ghost Rider is a sour mix of morose, glum histrionics amidst jokey puns and hammy dialogue.",26,141,48,250000,MARVEL,16
Spider-Man 3,2007,"Action, Adventure, Sci-Fi",139,PG-13,6.2,510723,336530000,Sam Raimi,"Sam Raimi,Tobey Maguire,Kirsten Dunst,Topher Grace,Thomas Haden Church","A strange black entity from another world bonds with Peter Parker and causes inner turmoil as he contends with new villains, temptations, and revenge.","Though there are more characters and plotlines, and the action sequences still dazzle, Spider-Man 3 nonetheless isn't quite as refined as the first two.",63,262,51,250000,MARVEL,17
Fantastic Four: Rise of the Silver Surfer,2007,"Action, Adventure, Fantasy",92,PG,5.6,253897,131920000,Tim Story,"Tim Story,Ioan Gruffudd,Jessica Alba,Chris Evans,Michael Chiklis",The Fantastic Four learn that they aren't the only super-powered beings in the universe when they square off against the powerful Silver Surfer and the planet-eating Galactus.,"While an improvement on its predecessor, Fantastic Four: Rise of the Silver Surfer is nevertheless a juvenile, simplistic picture that has little benefit beyond its special effects.",37,171,51,250000,MARVEL,18
Iron Man,2008,"Action, Adventure, Sci-Fi",126,PG-13,7.9,964114,318410000,Jon Favreau,"Jon Favreau,Robert Downey Jr.,Gwyneth Paltrow,Terrence Howard,Jeff Bridges","After being held captive in an Afghan cave, billionaire engineer Tony Stark creates a unique weaponized suit of armor to fight evil.","Powered by Robert Downey Jr.'s vibrant charm, Iron Man turbo-charges the superhero genre with a deft intelligence and infectious sense of fun.",94,281,91,250000,MARVEL,19
The Incredible Hulk,2008,"Action, Adventure, Sci-Fi",112,PG-13,6.7,445822,134520000,Louis Leterrier,"Louis Leterrier,Edward Norton,Liv Tyler,Tim Roth,William Hurt","Bruce Banner, a scientist on the run from the U.S. Government, must find a cure for the monster he turns into whenever he loses his temper.","The Incredible Hulk may not be quite the smashing success that fans of Marvel's raging behemoth might hope for, but it offers more than enough big green action to make up for its occasionally puny narrative.",67,238,70,250000,MARVEL,20
Punisher: War Zone,2008,"Action, Crime, Drama",103,R,5.9,60767,7950000,Lexi Alexander,"Lexi Alexander,Ray Stevenson,Dominic West,Julie Benz,Doug Hutchison","Frank Castle, known as the Punisher, ruthlessly demolishes organized crime, but it starts an even bigger war.","Punisher: War Zone recalls the excessively violent, dialogue-challenged actioners of the 1980s, and coincidentally feels two decades out of date.",29,111,42,100000,MARVEL,21
X-Men Origins: Wolverine,2009,"Action, Sci-Fi",107,PG-13,6.6,475561,179880000,Gavin Hood,"Gavin Hood,Hugh Jackman,Liev Schreiber,Ryan Reynolds,Danny Huston","The early years of James Logan, featuring his rivalry with his brother Victor Creed, his service in the special forces team Weapon X, and his experimentation into the metal-lined mutant Wolverine.","Though Hugh Jackman gives his all, he can't help X-Men Origins: Wolverine overcome a cliche-ridden script and familiar narrative.",37,263,58,250000,MARVEL,22
Iron Man 2,2010,"Action, Adventure, Sci-Fi",124,PG-13,7,742416,312430000,Jon Favreau,"Jon Favreau,Robert Downey Jr.,Mickey Rourke,Gwyneth Paltrow,Don Cheadle","With the world now aware of his identity as Iron Man, Tony Stark must contend with both his declining health and a vengeful mad man with ties to his father's legacy.","It isn't quite the breath of fresh air that Iron Man was, but this sequel comes close with solid performances and an action-packed plot. ",72,304,71,250000,MARVEL,23
Thor,2011,"Action, Adventure, Fantasy",115,PG-13,7,767687,181030000,Kenneth Branagh,"Kenneth Branagh,Chris Hemsworth,Anthony Hopkins,Natalie Portman,Tom Hiddleston","The powerful but arrogant god Thor is cast out of Asgard to live amongst humans in Midgard (Earth), where he soon becomes one of their finest defenders.","A dazzling blockbuster that tempers its sweeping scope with wit, humor, and human drama, Thor is mighty Marvel entertainment.",77,291,76,100000,MARVEL,24
X: First Class,2011,"Action, Adventure, Sci-Fi",131,PG-13,7.7,655399,146410000,Matthew Vaughn,"Matthew Vaughn,James McAvoy,Michael Fassbender,Jennifer Lawrence,Kevin Bacon","In the 1960s, superpowered humans Charles Xavier and Erik Lensherr work together to find others like them, but Erik's vengeful pursuit of an ambitious mutant who ruined his life causes a schism to divide them.","With a strong script, stylish direction, and powerful performances from its well-rounded cast, X-Men: First Class is a welcome return to form for the franchise.",86,298,87,100000,MARVEL,25
Captain America: The First Avenger,2011,"Action, Adventure, Sci-Fi",124,PG-13,6.9,764786,176650000,Joe Johnston,"Joe Johnston,Chris Evans,Hugo Weaving,Samuel L. Jackson,Hayley Atwell","Steve Rogers, a rejected military soldier, transforms into Captain America after taking a dose of a ""Super-Soldier serum"". But being Captain America comes at a price as he attempts to take down a war monger and a terrorist organization.","With plenty of pulpy action, a pleasantly retro vibe, and a handful of fine performances, Captain America is solidly old-fashioned blockbuster entertainment.",80,273,74,100000,MARVEL,26
Ghost Rider: Spirit of Vengeance,2011,"Action, Fantasy, Thriller",96,PG-13,4.3,112898,51770000,Mark Neveldine,"Brian Taylor,Nicolas Cage,Ciarán Hinds,Idris Elba,Violante Placido","Johnny Blaze, tortured by the Ghost Rider's curse, gets a chance of redemption through protecting the Devil's son, whose father is pursuing him.","With a weak script, uneven CG work, and a Nic Cage performance so predictably loony it's no longer amusing, Ghost Rider: Spirit of Vengeance aims to be trashy fun but ends up as plain trash.",18,114,31,100000,MARVEL,27
The Avengers,2012,"Action, Adventure, Sci-Fi",143,PG-13,8,1286985,623280000,Joss Whedon,"Joss Whedon,Robert Downey Jr.,Chris Evans,Scarlett Johansson,Jeremy Renner",Earth's mightiest heroes must come together and learn to fight as a team if they are going to stop the mischievous Loki and his alien army from enslaving humanity.,"Thanks to a script that emphasizes its heroes' humanity and a wealth of superpowered set pieces, The Avengers lives up to its hype and raises the bar for Marvel at the movies.",91,362,91,250000,MARVEL,28
The Amazing Spider-Man,2012,"Action, Adventure, Fantasy",136,PG-13,6.9,569274,262030000,Marc Webb,"Marc Webb,Andrew Garfield,Emma Stone,Rhys Ifans,Irrfan Khan","After Peter Parker is bitten by a genetically altered spider, he gains newfound, spider-like powers and ventures out to save the city from the machinations of a mysterious reptilian foe.","A well-chosen cast and sure-handed direction allow The Amazing Spider-Man to thrill, despite revisiting many of the same plot points from 2002's Spider-Man.",72,334,77,250000,MARVEL,29
Iron Man Three,2013,"Action, Adventure, Sci-Fi",130,PG-13,7.1,775425,409010000,Shane Black,"Shane Black,Robert Downey Jr.,Guy Pearce,Gwyneth Paltrow,Don Cheadle","When Tony Stark's world is torn apart by a formidable terrorist called the Mandarin, he starts an odyssey of rebuilding and retribution.","With the help of its charismatic lead, some impressive action sequences, and even a few surprises, Iron Man 3 is a witty, entertaining adventure and a strong addition to the Marvel canon.",79,328,78,250000,MARVEL,30
The Wolverine,2013,"Action, Sci-Fi",126,PG-13,6.7,437712,132560000,James Mangold,"James Mangold,Hugh Jackman,Will Yun Lee,Tao Okamoto,Rila Fukushima","Wolverine comes to Japan to meet an old friend whose life he saved years ago, and gets embroiled in a conspiracy involving yakuza and mutants.","Although its final act succumbs to the usual cartoonish antics, The Wolverine is one superhero movie that manages to stay true to the comics while keeping casual viewers entertained.",71,258,69,250000,MARVEL,31
Thor: The Dark World,2013,"Action, Adventure, Fantasy",112,PG-13,6.9,614115,206360000,Alan Taylor,"Alan Taylor,Chris Hemsworth,Natalie Portman,Tom Hiddleston,Stellan Skarsgård","When the Dark Elves attempt to plunge the universe into darkness, Thor must embark on a perilous and personal journey that will reunite him with doctor Jane Foster.","It may not be the finest film to come from the Marvel Universe, but Thor: The Dark World still offers plenty of the humor and high-stakes action that fans have come to expect.",66,284,75,250000,MARVEL,32
Captain America: The Winter Soldier,2014,"Action, Adventure, Sci-Fi",136,PG-13,7.7,759721,259770000,Anthony Russo,"Joe Russo,Chris Evans,Samuel L. Jackson,Scarlett Johansson,Robert Redford","As Steve Rogers struggles to embrace his role in the modern world, he teams up with a fellow Avenger and S.H.I.E.L.D agent, Black Widow, to battle a new threat from history: an assassin known as the Winter Soldier.","Suspenseful and politically astute, Captain America: The Winter Soldier is a superior entry in the Avengers canon and is sure to thrill Marvel diehards.",90,306,92,250000,MARVEL,33
The Amazing Spider-Man 2,2014,"Action, Adventure, Fantasy",142,PG-13,6.6,425691,202850000,Marc Webb,"Marc Webb,Andrew Garfield,Emma Stone,Jamie Foxx,Paul Giamatti","When New York is put under siege by Oscorp, it is up to Spider-Man to save the city he swore to protect as well as his loved ones.","While the cast is outstanding and the special effects are top-notch, the latest installment of the Spidey saga suffers from an unfocused narrative and an overabundance of characters.",51,309,64,100000,MARVEL,34
X-Men: Days of Future Past,2014,"Action, Adventure, Sci-Fi",132,PG-13,7.9,671146,233920000,Bryan Singer,"Bryan Singer,Patrick Stewart,Ian McKellen,Hugh Jackman,James McAvoy",The X-Men send Wolverine to the past in a desperate effort to change history and prevent an event that results in doom for both humans and mutants.,X-Men: Days of Future Past combines the best elements of the series to produce a satisfyingly fast-paced outing that ranks among the franchise's finest installments. ,90,329,91,250000,MARVEL,35
Guardians of the Galaxy,2014,"Action, Adventure, Comedy",121,PG-13,8,1069895,333180000,James Gunn,"James Gunn,Chris Pratt,Vin Diesel,Bradley Cooper,Zoe Saldana",A group of intergalactic criminals must pull together to stop a fanatical warrior with plans to purge the universe.,"Guardians of the Galaxy is just as irreverent as fans of the frequently zany Marvel comic would expect -- as well as funny, thrilling, full of heart, and packed with visual splendor.",92,332,92,250000,MARVEL,36
Avengers: Age of Ultron,2015,"Action, Adventure, Sci-Fi",141,PG-13,7.3,772476,459010000,Joss Whedon,"Joss Whedon,Robert Downey Jr.,Chris Evans,Mark Ruffalo,Chris Hemsworth","When Tony Stark and Bruce Banner try to jump-start a dormant peacekeeping program called Ultron, things go horribly wrong and it's up to Earth's mightiest heroes to stop the villainous Ultron from enacting his terrible plan.","Exuberant and eye-popping, Avengers: Age of Ultron serves as an overstuffed but mostly satisfying sequel, reuniting its predecessor's unwieldy cast with a few new additions and a worthy foe.",76,372,83,250000,MARVEL,37
Ant-Man,2015,"Action, Adventure, Comedy",117,PG-13,7.3,590834,180200000,Peyton Reed,"Peyton Reed,Paul Rudd,Michael Douglas,Corey Stoll,Evangeline Lilly","Armed with a super-suit with the astonishing ability to shrink in scale but increase in strength, cat burglar Scott Lang must embrace his inner hero and help his mentor, Dr. Hank Pym, plan and pull off a heist that will save the world.","Led by a charming performance from Paul Rudd, Ant-Man offers Marvel thrills on an appropriately smaller scale -- albeit not as smoothly as its most successful predecessors.",83,334,86,100000,MARVEL,38
Fantastic Four,2015,"Action, Adventure, Sci-Fi",100,PG-13,4.2,155942,56120000,Josh Trank,"Josh Trank,Miles Teller,Kate Mara,Michael B. Jordan,Jamie Bell",Four young outsiders teleport to an alternate and dangerous universe which alters their physical form in shocking ways. The four must learn to harness their new abilities and work together to save Earth from a former friend turned enemy.,"Dull and downbeat, this Fantastic Four proves a woefully misguided attempt to translate a classic comic series without the humor, joy, or colorful thrills that made it great.",9,260,18,100000,MARVEL,39
Deadpool,2016,"Action, Adventure, Comedy",108,R,8,927737,363070000,Tim Miller,"Tim Miller,Ryan Reynolds,Morena Baccarin,T.J. Miller,Ed Skrein","A wisecracking mercenary gets experimented on and becomes immortal but ugly, and sets out to track down the man who ruined his looks.","Fast, funny, and gleefully profane, the fourth-wall-busting Deadpool subverts superhero film formula with wildly entertaining -- and decidedly non-family-friendly -- results.",85,347,90,100000,MARVEL,40
Captain America: Civil War,2016,"Action, Adventure, Sci-Fi",147,PG-13,7.8,689763,408080000,Anthony Russo,"Joe Russo,Chris Evans,Robert Downey Jr.,Scarlett Johansson,Sebastian Stan",Political involvement in the Avengers' affairs causes a rift between Captain America and Iron Man.,Captain America: Civil War begins the next wave of Marvel movies with an action-packed superhero blockbuster boasting a decidedly non-cartoonish plot and the courage to explore thought-provoking themes.,90,421,89,100000,MARVEL,41
X-Men: Apocalypse,2016,"Action, Adventure, Sci-Fi",144,PG-13,6.9,402935,155440000,Bryan Singer,"Bryan Singer,James McAvoy,Michael Fassbender,Jennifer Lawrence,Nicholas Hoult","In the 1980s the X-Men must defeat an ancient all-powerful mutant, En Sabah Nur, who intends to thrive through bringing destruction to the world.","Overloaded action and a cliched villain take the focus away from otherwise strong performers and resonant themes, making X-Men: Apocalypse a middling chapter of the venerable superhero franchise.",47,343,65,100000,MARVEL,42
Doctor Strange,2016,"Action, Adventure, Fantasy",115,PG-13,7.5,623361,232640000,Scott Derrickson,"Scott Derrickson,Benedict Cumberbatch,Chiwetel Ejiofor,Rachel McAdams,Benedict Wong","While on a journey of physical and spiritual healing, a brilliant neurosurgeon is drawn into the world of the mystic arts.","Doctor Strange artfully balances its outré source material against the blockbuster constraints of the MCU, delivering a thoroughly entertaining superhero origin story in the bargain.",89,382,85,100000,MARVEL,43
Logan,2017,"Action, Drama, Sci-Fi",137,R,8.1,670710,226280000,James Mangold,"James Mangold,Hugh Jackman,Patrick Stewart,Dafne Keen,Boyd Holbrook","In a future where mutants are nearly extinct, an elderly and weary Logan leads a quiet life. But when Laura, a mutant child pursued by scientists, comes to him for help, he must get her to safety.","Hugh Jackman makes the most of his final outing as Wolverine with a gritty, nuanced performance in a violent but surprisingly thoughtful superhero action film that defies genre conventions.",93,420,90,50000,MARVEL,44
Guardians of the Galaxy Vol. 2,2017,"Action, Adventure, Comedy",136,PG-13,7.6,592260,389810000,James Gunn,"James Gunn,Chris Pratt,Zoe Saldana,Dave Bautista,Vin Diesel","The Guardians struggle to keep together as a team while dealing with their personal family issues, notably Star-Lord's encounter with his father the ambitious celestial being Ego.","Guardians of the Galaxy Vol. 2's action-packed plot, dazzling visuals, and irreverent humor add up to a sequel that's almost as fun -- if not quite as thrillingly fresh -- as its predecessor.",85,421,87,100000,MARVEL,45
Spider-Man: Homecoming,2017,"Action, Adventure, Sci-Fi",133,PG-13,7.4,536012,334200000,Jon Watts,"Jon Watts,Tom Holland,Michael Keaton,Robert Downey Jr.,Marisa Tomei","Peter Parker balances his life as an ordinary high school student in Queens with his superhero alter-ego Spider-Man, and finds himself on the trail of a new menace prowling the skies of New York City.","Spider-Man: Homecoming does whatever a second reboot can, delivering a colorful, fun adventure that fits snugly in the sprawling MCU without getting bogged down in franchise-building.",92,393,87,100000,MARVEL,46
Thor: Ragnarok,2017,"Action, Adventure, Comedy",130,PG-13,7.9,620623,315060000,Taika Waititi,"Taika Waititi,Chris Hemsworth,Tom Hiddleston,Cate Blanchett,Mark Ruffalo","Imprisoned on the planet Sakaar, Thor must race against time to return to Asgard and stop Ragnarök, the destruction of his world, at the hands of the powerful and ruthless villain Hela.","Exciting, funny, and above all fun, Thor: Ragnarok is a colorful cosmic adventure that sets a new standard for its franchise -- and the rest of the Marvel Cinematic Universe.",93,434,87,50000,MARVEL,47
Black Panther,2018,"Action, Adventure, Sci-Fi",134,PG-13,7.3,655779,700060000,Ryan Coogler,"Ryan Coogler,Chadwick Boseman,Michael B. Jordan,Lupita Nyong'o,Danai Gurira","T'Challa, heir to the hidden but advanced kingdom of Wakanda, must step forward to lead his people into a new future and must confront a challenger from his country's past.",Black Panther elevates superhero cinema to thrilling new heights while telling one of the MCU's most absorbing stories -- and introducing some of its most fully realized characters.,96,523,79,50000,MARVEL,48
Avengers: Infinity War,2018,"Action, Adventure, Sci-Fi",149,PG-13,8.4,888104,678820000,Anthony Russo,"Joe Russo,Robert Downey Jr.,Chris Hemsworth,Mark Ruffalo,Chris Evans",The Avengers and their allies must be willing to sacrifice all in an attempt to defeat the powerful Thanos before his blitz of devastation and ruin puts an end to the universe.,"Avengers: Infinity War ably juggles a dizzying array of MCU heroes in the fight against their gravest threat yet, and the result is a thrilling, emotionally resonant blockbuster that (mostly) realizes its gargantuan ambitions.",85,480,91,50000,MARVEL,49
Deadpool 2,2018,"Action, Adventure, Comedy",119,R,7.7,501971,324590000,David Leitch,"David Leitch,Ryan Reynolds,Josh Brolin,Morena Baccarin,Julian Dennison","Foul-mouthed mutant mercenary Wade Wilson (a.k.a. Deadpool) assembles a team of fellow mutant rogues to protect a young boy with supernatural abilities from the brutal, time-traveling cyborg Cable.","Though it threatens to buckle under the weight of its meta gags, Deadpool 2 is a gory, gleeful lampoon of the superhero genre buoyed by Ryan Reynolds' undeniable charm.",84,419,85,25000,MARVEL,50
Ant-Man and the Wasp,2018,"Action, Adventure, Comedy",118,PG-13,7,329600,216650000,Peyton Reed,"Peyton Reed,Paul Rudd,Evangeline Lilly,Michael Peña,Walton Goggins","As Scott Lang balances being both a superhero and a father, Hope van Dyne and Dr. Hank Pym present an urgent new mission that finds the Ant-Man fighting alongside The Wasp to uncover secrets from their past.","A lighter, brighter superhero movie powered by the effortless charisma of Paul Rudd and Evangeline Lilly, Ant-Man and The Wasp offers a much-needed MCU palate cleanser.",87,435,75,25000,MARVEL,51
Venom,2018,"Action, Adventure, Sci-Fi",112,PG-13,6.7,383743,213520000,Ruben Fleischer,"Ruben Fleischer,Tom Hardy,Michelle Williams,Riz Ahmed,Scott Haze","A failed reporter is bonded to an alien entity, one of many symbiotes who have invaded Earth. But the being takes a liking to Earth and decides to protect it.","Venom's first standalone movie turns out to be like the comics character in all the wrong ways - chaotic, noisy, and in desperate need of a stronger attachment to Spider-Man.",29,354,81,25000,MARVEL,52
Captain Marvel,2019,"Action, Adventure, Sci-Fi",123,PG-13,6.8,473437,426830000,Anna Boden,"Anna Boden,Brie Larson,Samuel L. Jackson,Ben Mendelsohn,Jude Law",Carol Danvers becomes one of the universe's most powerful heroes when Earth is caught in the middle of a galactic war between two alien races.,"Packed with action, humor, and visual thrills, Captain Marvel introduces the MCU's latest hero with an origin story that makes effective use of the franchise's signature formula.",79,537,45,100000,MARVEL,53
Avengers: Endgame,2019,"Action, Adventure, Drama",181,PG-13,8.4,890937,858370000,Anthony Russo,"Joe Russo,Robert Downey Jr.,Chris Evans,Mark Ruffalo,Chris Hemsworth","After the devastating events of Avengers: Infinity War (2018), the universe is in ruins. With the help of remaining allies, the Avengers assemble once more in order to reverse Thanos' actions and restore balance to the universe.","Exciting, entertaining, and emotionally impactful, Avengers: Endgame does whatever it takes to deliver a satisfying finale to Marvel's epic Infinity Saga.",94,541,90,50000,MARVEL,54
X-Men: Dark Phoenix,2019,"Action, Adventure, Sci-Fi",113,PG-13,5.7,164427,65850000,Simon Kinberg,"Simon Kinberg,James McAvoy,Michael Fassbender,Jennifer Lawrence,Nicholas Hoult","Jean Grey begins to develop incredible powers that corrupt and turn her into a Dark Phoenix, causing the X-Men to decide if her life is worth more than all of humanity.",Dark Phoenix ends an era of the X-Men franchise by taking a second stab at adapting a classic comics arc -- with deeply disappointing results.,22,379,64,10000,MARVEL,55
Spider-Man: Far from Home,2019,"Action, Adventure, Sci-Fi",129,PG-13,7.5,353385,390530000,Jon Watts,"Jon Watts,Tom Holland,Samuel L. Jackson,Jake Gyllenhaal,Marisa Tomei","Following the events of Avengers: Endgame (2019), Spider-Man must step up to take on new threats in a world that has changed forever.","A breezily unpredictable blend of teen romance and superhero action, Spider-Man: Far from Home stylishly sets the stage for the next era of the MCU.",90,449,95,50000,MARVEL,56
The New Mutants,2020,"Action, Horror, Mystery",94,PG-13,5.3,59535,0,Josh Boone,"Josh Boone,Maisie Williams,Anya Taylor-Joy,Charlie Heaton,Alice Braga","Five young mutants, just discovering their abilities while held in a secret facility against their will, fight to escape their past sins and save themselves.","Rendering a list of potentially explosive ingredients mostly inert, The New Mutants is a franchise spinoff that's less than the sum of its super-powered parts.",35,126,56,2500,MARVEL,57
Superman and the Mole-Men,1951,"Action, Adventure, Drama",58,Passed,5.7,1828,0,Lee Sholem,"George Reeves,Phyllis Coates,Jeff Corey,Walter Reed","When underground beings explore the surface world from a deep oil well and inadvertantly cause a panic, only Superman can prevent a tragedy.","Even at under an hour, this children's fantasy is sluggishly paced by today's standards...but it does have its charms and a relevant social message at its core.",0,2,83,250,DC,58
Batman: The Movie,1966,"Adventure, Comedy, Crime",105,PG,6.5,30289,0,Leslie H. Martinson,"Adam West,Burt Ward,Lee Meriwether,Cesar Romero",The Dynamic Duo faces four supervillains who plan to hold the world for ransom with the help of a secret invention that instantly dehydrates people.,"Batman: The Movie elevates camp to an art form -- and has a blast doing it, every gloriously tongue-in-cheek inch of the way.",79,33,62,100000,DC,59
Superman,1978,"Action, Adventure, Drama",143,PG,7.3,162395,134220000,Richard Donner,"Christopher Reeve,Margot Kidder,Gene Hackman,Marlon Brando","An alien orphan is sent from his dying planet to Earth, where he grows up to become his adoptive home's first and greatest superhero.","Superman deftly blends humor and gravitas, taking advantage of the perfectly cast Christopher Reeve to craft a loving, nostalgic tribute to an American pop culture icon.",94,68,86,250000,DC,60
Superman II,1980,"Action, Adventure, Sci-Fi",127,PG,6.8,100030,108190000,Richard Lester,"Gene Hackman,Christopher Reeve,Margot Kidder,Ned Beatty","Superman agrees to sacrifice his powers to start a relationship with Lois Lane, unaware that three Kryptonian criminals he inadvertently released are conquering Earth.","The humor occasionally stumbles into slapstick territory, and the special effects are dated, but Superman II meets, if not exceeds, the standard set by its predecessor.",86,51,76,100000,DC,61
Swamp Thing,1982,"Horror, Sci-Fi",91,PG,5.4,13328,0,Wes Craven,"Louis Jourdan,Adrienne Barbeau,Ray Wise,David Hess","After a violent incident with a special chemical, a research scientist is turned into a swamp plant monster.","Unabashedly campy -- often to its detriment -- Swamp Thing is not without its charms, among them Adrienne Barbeau as the damsel in distress.",63,38,40,10000,DC,62
Superman III,1983,"Action, Adventure, Comedy",125,PG,5,65340,59950000,Richard Lester,"Christopher Reeve,Richard Pryor,Margot Kidder,Jackie Cooper",Synthetic kryptonite laced with tar splits Superman in two: good Clark Kent and bad Man of Steel.,"When not overusing sight gags, slapstick, and Richard Pryor, Superman III resorts to plot points rehashed from the previous Superman flicks.",30,53,23,100000,DC,63
Supergirl,1984,"Action, Adventure, Fantasy",124,PG,4.4,19361,13600000,Jeannot Szwarc,"Helen Slater,Faye Dunaway,Peter O'Toole,Mia Farrow","After losing a powerful orb, Kara Zor-El, Superman's cousin, comes to Earth to retrieve it and instead finds herself up against a wicked witch.","The effects are cheesy and Supergirl's wide-eyed, cheery heroine simply isn't interesting to watch for an hour and a half.",9,32,26,25000,DC,64
Superman IV: The Quest for Peace,1987,"Action, Adventure, Sci-Fi",90,PG,3.7,44082,15680000,Sidney J. Furie,"Christopher Reeve,Gene Hackman,Margot Kidder,Jackie Cooper","The Man of Steel crusades for nuclear disarmament and meets Lex Luthor's latest creation, Nuclear Man.","The Superman series bottoms out here: the action is boring, the special effects look cheaper, and none of the actors appear interested in where the plot's going.",11,45,16,50000,DC,65
The Return of Swamp Thing,1989,"Action, Adventure, Comedy",88,PG-13,4.6,4454,190000,Jim Wynorski,"Dick Durock,Heather Locklear,Louis Jourdan,Sarah Douglas","In this tongue-in-cheek sequel, the benevolent bog creature falls for the vegetarian, plant-loving daughter of the evil scientist who created him.",A mad scientist's (Louis Jourdan) vegetarian stepdaughter (Heather Locklear) falls in love with one of his leafy failures.,44,9,55,2500,DC,66
Batman,1989,"Action, Adventure",126,PG-13,7.5,344868,251190000,Tim Burton,"Michael Keaton,Jack Nicholson,Kim Basinger,Robert Wuhl","The Dark Knight of Gotham City begins his war on crime with his first major enemy being Jack Napier, a criminal who becomes the clownishly homicidal Joker.","An eerie, haunting spectacle, Batman succeeds as dark entertainment, even if Jack Nicholson's Joker too often overshadows the title character.",71,76,84,250000,DC,67
Batman Returns,1992,"Action, Crime, Fantasy",126,PG-13,7,279545,162830000,Tim Burton,"Michael Keaton,Danny DeVito,Michelle Pfeiffer,Christopher Walken","While Batman deals with a deformed man calling himself the Penguin wreaking havoc across Gotham with the help of a cruel businessman, a female employee of the latter becomes the Catwoman with her own vendetta.","Director Tim Burton's dark, brooding atmosphere, Michael Keaton's work as the tormented hero, and the flawless casting of Danny DeVito as The Penguin and Christopher Walken as, well, Christopher Walken make the sequel better than the first.",80,84,73,250000,DC,68
Batman Forever,1995,"Action, Adventure",121,PG-13,5.4,238230,184030000,Joel Schumacher,"Val Kilmer,Tommy Lee Jones,Jim Carrey,Nicole Kidman","Batman must battle former district attorney Harvey Dent, who is now Two-Face and Edward Nygma, The Riddler with help from an amorous psychologist and a young circus acrobat who becomes his sidekick, Robin.","Loud, excessively busy, and often boring, Batman Forever nonetheless has the charisma of Jim Carrey and Tommy Lee Jones to offer mild relief.",38,68,32,250000,DC,69
Batman & Robin,1997,"Action, Sci-Fi",125,PG-13,3.8,237759,107330000,Joel Schumacher,"Arnold Schwarzenegger,George Clooney,Chris O'Donnell,Uma Thurman",Batman and Robin try to keep their relationship together even as they must stop Mr. Freeze and Poison Ivy from freezing Gotham City.,Joel Schumacher's tongue-in-cheek attitude hits an unbearable limit in Batman & Robin resulting in a frantic and mindless movie that's too jokey to care much for.,12,93,16,250000,DC,70
Steel,1997,"Action, Adventure, Crime",97,PG-13,2.9,11519,1710000,Kenneth Johnson,"Shaquille O'Neal,Annabeth Gish,Judd Nelson,Richard Roundtree",A scientist for the military turns himself into a cartoon-like superhero when a version of one of his own weapons is being used against enemies.,"Steel is a badly-acted movie that indulges not only in superhero cliches, but also the sappy TV-movie-of-the-week ones.",12,26,15,5000,DC,71
Catwoman,2004,"Action, Crime, Fantasy",104,PG-13,3.4,112972,40200000,Pitof,"Halle Berry,Sharon Stone,Benjamin Bratt,Lambert Wilson","A shy woman, endowed with the speed, reflexes, and senses of a cat, walks a thin line between criminal and hero, even as a detective doggedly pursues her, fascinated by both of her personas.","Halle Berry is the lone bright spot, but even she can't save this laughable action thriller.",9,198,18,250000,DC,72
Constantine,2005,"Action, Fantasy, Horror",121,R,7,315617,75980000,Francis Lawrence,"Keanu Reeves,Rachel Weisz,Djimon Hounsou,Shia LaBeouf","Supernatural exorcist and demonologist John Constantine helps a policewoman prove her sister's death was not a suicide, but something more.","Despite solid production values and an intriguing premise, Constantine lacks the focus of another spiritual shoot-em-up: The Matrix.",46,230,72,250000,DC,73
Batman Begins,2005,"Action, Adventure",140,PG-13,8.2,1338140,206850000,Christopher Nolan,"Christian Bale,Michael Caine,Ken Watanabe,Liam Neeson","After training with his mentor, Batman begins his fight to free crime-ridden Gotham City from corruption.","Brooding and dark, but also exciting and smart, Batman Begins is a film that understands the essence of one of the definitive superheroes.",84,288,94,250000,DC,74
Superman Returns,2006,"Action, Sci-Fi",154,PG-13,6,273696,200080000,Bryan Singer,"Brandon Routh,Kevin Spacey,Kate Bosworth,James Marsden","Superman returns to Earth after spending five years in space examining his homeworld Krypton. But he finds things have changed while he was gone, and he must once again prove himself important to the world.",Bryan Singer's reverent and visually decadent adaptation gives the Man of Steel welcome emotional complexity. The result: a satisfying stick-to-your-ribs adaptation.,75,267,61,250000,DC,75
The Dark Knight,2008,"Action, Crime, Drama",152,PG-13,9,2369304,534860000,Christopher Nolan,"Christian Bale,Heath Ledger,Aaron Eckhart,Michael Caine","When the menace known as the Joker wreaks havoc and chaos on the people of Gotham, Batman must accept one of the greatest psychological and physical tests of his ability to fight injustice.","Dark, complex, and unforgettable, The Dark Knight succeeds not just as an entertaining comic book film, but as a richly thrilling crime saga.",94,344,94,250000,DC,76
Watchmen,2009,"Action, Drama, Mystery",162,R,7.6,518415,107510000,Zack Snyder,"Jackie Earle Haley,Patrick Wilson,Carla Gugino,Malin Akerman","In 1985 where former superheroes exist, the murder of a colleague sends active vigilante Rorschach into his own sprawling investigation, uncovering something that could completely change the course of history as we know it.","Gritty and visually striking, Watchmen is a faithful adaptation of Alan Moore's graphic novel, but its complex narrative structure may make it difficult for it to appeal to viewers not already familiar with the source material.",65,312,71,250000,DC,77
Jonah Hex,2010,"Action, Drama, Fantasy",81,PG-13,4.7,56225,10540000,Jimmy Hayward,"Josh Brolin,Megan Fox,John Malkovich,Michael Fassbender","The U.S. military makes a scarred bounty hunter with warrants on his own head an offer he cannot refuse: in exchange for his freedom, he must stop a terrorist who is ready to unleash Hell on Earth.","Josh Brolin gives it his best shot, but he can't keep the short, unfocused Jonah Hex from collapsing on the screen.",12,153,20,100000,DC,78
Green Lantern,2011,"Action, Adventure, Sci-Fi",114,PG-13,5.5,270939,116600000,Martin Campbell,"Ryan Reynolds,Blake Lively,Peter Sarsgaard,Mark Strong","Reckless test pilot Hal Jordan is granted an alien ring that bestows him with otherworldly powers that inducts him into an intergalactic police force, the Green Lantern Corps.","Noisy, overproduced, and thinly written, Green Lantern squanders an impressive budget and decades of comics mythology.",26,246,45,100000,DC,79
The Dark Knight Rises,2012,"Action, Adventure",164,PG-13,8.4,1552223,448140000,Christopher Nolan,"Christian Bale,Tom Hardy,Anne Hathaway,Gary Oldman","Eight years after the Joker's reign of anarchy, Batman, with the help of the enigmatic Catwoman, is forced from his exile to save Gotham City from the brutal guerrilla terrorist Bane.","The Dark Knight Rises is an ambitious, thoughtful, and potent action film that concludes Christopher Nolan's franchise in spectacular fashion.",87,371,90,250000,DC,80
Man of Steel,2013,"Action, Adventure, Sci-Fi",143,PG-13,7,718956,291050000,Zack Snyder,"Henry Cavill,Amy Adams,Michael Shannon,Diane Lane","An alien child is evacuated from his dying world and sent to Earth to live among humans. His peace is threatened, when other survivors of his home planet invade Earth.",Man of Steel's exhilarating action and spectacle can't fully overcome its detours into generic blockbuster territory.,56,338,75,250000,DC,81
Batman v Superman: Dawn of Justice,2016,"Action, Adventure, Sci-Fi",152,PG-13,6.4,653270,330360000,Zack Snyder,"Ben Affleck,Henry Cavill,Amy Adams,Jesse Eisenberg","Fearing that the actions of Superman are left unchecked, Batman takes on the Man of Steel, while the world wrestles with what kind of a hero it really needs.",Batman v Superman: Dawn of Justice smothers a potentially powerful story -- and some of America's most iconic superheroes -- in a grim whirlwind of effects-driven action.,28,432,63,100000,DC,82
Suicide Squad,2016,"Action, Adventure, Fantasy",123,PG-13,5.9,622206,325100000,David Ayer,"Will Smith,Jared Leto,Margot Robbie,Viola Davis",A secret government agency recruits some of the most dangerous incarcerated super-villains to form a defensive task force. Their first mission: save the world from the apocalypse.,"Suicide Squad boasts a talented cast and a little more humor than previous DCEU efforts, but they aren't enough to save the disappointing end result from a muddled plot, thinly written characters, and choppy directing.",26,386,59,100000,DC,83
Wonder Woman,2017,"Action, Adventure, Fantasy",141,PG-13,7.4,596901,412560000,Patty Jenkins,"Gal Gadot,Chris Pine,Robin Wright,Lucy Davis","When a pilot crashes and tells of conflict in the outside world, Diana, an Amazonian warrior in training, leaves home to fight a war, discovering her full powers and true destiny.","Thrilling, earnest, and buoyed by Gal Gadot's charismatic performance, Wonder Woman succeeds in spectacular fashion.",93,466,83,100000,DC,84
Justice League,2017,"Action, Adventure, Fantasy",120,PG-13,6.1,416837,229020000,Zack Snyder,"Ben Affleck,Gal Gadot,Jason Momoa,Ezra Miller","Fueled by his restored faith in humanity and inspired by Superman's selfless act, Bruce Wayne enlists the help of his new-found ally, Diana Prince, to face an even greater enemy.","Justice League leaps over a number of DC movies, but its single bound isn't enough to shed the murky aesthetic, thin characters, and chaotic action that continue to dog the franchise.",40,402,69,100000,DC,85
Aquaman,2018,"Action, Adventure, Fantasy",143,PG-13,6.9,400424,335060000,James Wan,"Jason Momoa,Amber Heard,Willem Dafoe,Patrick Wilson","Arthur Curry, the human-born heir to the underwater kingdom of Atlantis, goes on a quest to prevent a war between the worlds of ocean and land.","Aquaman swims with its entertainingly ludicrous tide, offering up CGI superhero spectacle that delivers energetic action with an emphasis on good old-fashioned fun.",65,406,74,25000,DC,86
Shazam!,2019,"Action, Adventure, Comedy",132,PG-13,7,279604,140370000,David F. Sandberg,"Zachary Levi,Mark Strong,Asher Angel,Jack Dylan Grazer",A newly fostered young boy in search of his mother instead finds unexpected super powers and soon gains a powerful enemy.,"An effortlessly entertaining blend of humor and heart, Shazam! is a superhero movie that never forgets the genre's real power: joyous wish fulfillment.",90,409,82,10000,DC,87
Joker,2019,"Crime, Drama, Thriller",122,R,8.4,1014748,335450000,Todd Phillips,"Joaquin Phoenix,Robert De Niro,Zazie Beetz,Frances Conroy","In Gotham City, mentally troubled comedian Arthur Fleck is disregarded and mistreated by society. He then embarks on a downward spiral of revolution and bloody crime. This path brings him face-to-face with his alter-ego: the Joker.",Joker gives its infamous central character a chillingly plausible origin story that serves as a brilliant showcase for its star -- and a dark evolution for comics-inspired cinema.,68,585,88,50000,DC,88
Birds of Prey,2020,"Action, Adventure, Comedy",109,R,6.1,186805,84160000,Cathy Yan,"Margot Robbie,Rosie Perez,Mary Elizabeth Winstead,Jurnee Smollett","After splitting with the Joker, Harley Quinn joins superheroes Black Canary, Huntress and Renee Montoya to save a young girl from an evil crime lord.","With a fresh perspective, some new friends, and loads of fast-paced action, Birds of Prey captures the colorfully anarchic spirit of Margot Robbie's Harley Quinn.",79,430,78,10000,DC,89
Wonder Woman 1984,2020,"Action, Adventure, Fantasy",151,PG-13,5.4,212554,46370000,Patty Jenkins,"Gal Gadot,Chris Pine,Kristen Wiig,Pedro Pascal","Diana must contend with a work colleague and businessman, whose desire for extreme wealth sends the world down a path of destruction, after an ancient artifact that grants wishes goes missing.","Wonder Woman 1984 struggles with sequel overload, but still offers enough vibrant escapism to satisfy fans of the franchise and its classic central character.",59,431,73,2500,DC,90